dbpedia_5,dbpedia_10,lmdb_5,lmdb_10
0.18319999999999997,0.36933333333333335,0.10866666666666669,0.24900000000000008
