{
    "results_kafca": {
        "dbpedia_5": 0.10394666666666666,
        "dbpedia_10": 0.2102344444444444,
        "lmdb_5": 0.05225555555555552,
        "lmdb_10": 0.11779669312169318
    },
    "total_average": {
        "dbpedia_5": 0.10394666666666666,
        "dbpedia_10": 0.2102344444444444,
        "lmdb_5": 0.05225555555555552,
        "lmdb_10": 0.11779669312169318
    }
}