{
    "result_1": {
        "dbpedia_5": 0.197413333333333,
        "dbpedia_10": 0.3349883068783069,
        "lmdb_5": 0.13896666666666688,
        "lmdb_10": 0.24064140211640236
    },
    "total_average": {
        "dbpedia_5": 0.1994347784625351,
        "dbpedia_10": 0.3376458365655776,
        "lmdb_5": 0.13699523503999442,
        "lmdb_10": 0.24040649590414598
    },
    "result_2": {
        "dbpedia_5": 0.1985466666666664,
        "dbpedia_10": 0.3367368253968255,
        "lmdb_5": 0.13045555555555557,
        "lmdb_10": 0.23943439153439158
    },
    "result_3": {
        "dbpedia_5": 0.1989822222222219,
        "dbpedia_10": 0.33690603174603173,
        "lmdb_5": 0.1378555555555556,
        "lmdb_10": 0.2399748677248678
    },
    "result_4": {
        "dbpedia_5": 0.2006355555555553,
        "dbpedia_10": 0.3399883068783074,
        "lmdb_5": 0.13662222222222242,
        "lmdb_10": 0.23480912698412695
    },
    "result_5": {
        "dbpedia_5": 0.19909777777777754,
        "dbpedia_10": 0.33506994708994703,
        "lmdb_5": 0.13600000000000012,
        "lmdb_10": 0.24225687830687836
    },
    "result_6": {
        "dbpedia_5": 0.19852444444444411,
        "dbpedia_10": 0.33664031746031736,
        "lmdb_5": 0.14433333333333354,
        "lmdb_10": 0.24559351851851863
    },
    "result_7": {
        "dbpedia_5": 0.2043688888888889,
        "dbpedia_10": 0.33622502645502644,
        "lmdb_5": 0.13587777777777793,
        "lmdb_10": 0.2355541005291006
    },
    "result_8": {
        "dbpedia_5": 0.19934666666666634,
        "dbpedia_10": 0.3426606349206353,
        "lmdb_5": 0.14641111111111138,
        "lmdb_10": 0.2437432539682539
    },
    "result_9": {
        "dbpedia_5": 0.1953911111111109,
        "dbpedia_10": 0.3390891005291007,
        "lmdb_5": 0.12787777777777784,
        "lmdb_10": 0.23980687830687794
    },
    "result_10": {
        "dbpedia_5": 0.202284444444444,
        "dbpedia_10": 0.3382373015873016,
        "lmdb_5": 0.13528888888888901,
        "lmdb_10": 0.24245529100529117
    }
}