dbpedia_5, dbpedia_10, lmdb_5,lmdb_10
0.2086611396085433,0.24862579344276436,0.2018972335662021,0.2567895051842464
